InstructionId,Leaked,Iclass,Instruction,Type,ExecTime,NCompo,DependencyN,Decode,Cost,Address,Fetched
1,0,3,imul,SBtype,24.18074587665639,1,1,PQR,42.57996928520783,294,Y
2,1,1,ret,Rtype,14.70284128393394,3,1,JKL,8.858146567773428,7,Y
3,1,1,pop,Stype,20.91116485726157,4,3,JKL,12.635112788656489,294,N
4,1,2,and,Itype,27.666119727309418,0,3,DEF,36.26345007779913,116,N
5,0,2,call,SBtype,10.816159703842857,0,0,YZ,40.167117976994646,116,Y
6,0,1,idiv,Stype,38.47589382651679,3,0,STU,2.716600694254685,7,Y
7,0,1,not,Rtype,23.715457952730063,3,0,GHI,56.956814731337865,,N
8,0,2,jne,Stype,27.649860283473938,0,1,MNO,4.79028412437895,363,Y
9,0,2,call,Itype,9.770005867075948,0,2,JKL,51.74426377663818,294,N
10,0,4,sub,Itype,31.565381322258624,3,3,JKL,22.884483745477027,116,N
11,1,3,cmp,Rtype,33.621458171692346,1,3,GHI,33.963452851436706,7,Y
12,1,2,pop,Rtype,26.658314715462353,3,3,GHI,28.88302219533311,363,N
13,0,2,dec,SBtype,8.740596231299357,1,2,MNO,35.638254805344175,,Y
14,0,0,pop,Itype,5.671738966855755,0,2,YZ,54.31319668366107,,Y
15,0,4,call,Rtype,5.61263540209477,4,2,STU,46.53980792896034,294,Y
16,0,3,jmp,SBtype,16.72181372769357,1,0,YZ,29.302529043271136,7,Y
17,0,4,sub,Stype,19.075241836644757,2,1,STU,54.7700027910081,,Y
18,0,1,pop,SBtype,17.26057325416196,0,2,YZ,20.119854158032286,,N
19,0,0,jmp,Stype,37.09045770450146,1,3,GHI,44.65258448639028,363,N
20,1,0,add,SBtype,34.753497798739666,0,0,DEF,27.539511680622777,,Y
21,1,3,add,Rtype,39.973007164913746,2,0,YZ,50.91071329379823,,N
22,0,2,not,Stype,21.419047259381383,4,1,YZ,5.066215900642559,7,N
23,0,2,sub,Rtype,17.89081503084807,1,1,STU,6.528073521393933,294,Y
24,1,2,inc,SBtype,10.578651226495413,2,3,MNO,31.30709443221312,,Y
25,1,4,idiv,Stype,27.23226213207017,4,1,MNO,45.906412019035926,363,N
26,0,1,dec,Stype,6.342789280682366,0,0,DEF,15.12537259313188,116,Y
27,1,4,mov,Itype,28.1067265038906,3,2,JKL,11.712735784049624,,Y
28,1,2,xor,Itype,5.3960583661215145,1,2,STU,53.837286635742814,363,N
29,0,0,ret,Stype,5.211861599684662,2,0,ABC,46.994407278543314,7,N
30,1,3,xor,SBtype,20.810657715689473,2,0,VWX,50.71684235890504,116,N
31,0,1,call,Rtype,10.12996937347442,4,1,JKL,57.95205792550361,,Y
32,1,3,cmp,Stype,13.127961909318797,1,1,JKL,43.38721719476913,7,Y
33,1,4,jne,Stype,21.232500477473447,1,0,DEF,52.577854786868,294,N
34,1,2,inc,Itype,9.90228984574776,4,3,GHI,37.44166190650351,363,Y
35,0,2,shl,Itype,32.039435982562885,2,0,GHI,55.479567456655445,294,Y
36,0,1,pop,Itype,0.5406185896777815,2,2,STU,56.59030617894095,294,Y
37,0,3,cmp,Stype,38.879042758306504,3,2,VWX,51.26727120443502,363,Y
38,0,2,inc,Rtype,18.124124338721543,0,1,MNO,34.13478469986615,7,N
39,1,1,xor,SBtype,21.976171400990534,0,3,PQR,44.48174118390577,116,N
40,1,0,not,Rtype,14.67523955658907,4,1,PQR,48.51410693276608,294,Y
41,1,0,jmp,Itype,26.285575251884026,0,2,MNO,15.185548825960138,363,N
42,0,0,ret,Rtype,38.22870264871205,2,0,DEF,10.44711670625235,7,N
43,1,3,xor,SBtype,35.16435245997223,3,1,ABC,21.180296686828637,363,N
44,0,1,inc,SBtype,35.33885829134373,2,1,PQR,39.914625623327005,,Y
45,0,3,idiv,Stype,13.038268042864027,4,0,GHI,47.56304032429414,7,Y
46,0,0,pop,SBtype,35.409529703915325,4,0,VWX,20.356184075421268,363,N
47,1,0,inc,Rtype,25.03056416004048,4,2,ABC,22.876098416974926,363,Y
48,1,0,cmp,SBtype,20.58188813498294,2,2,DEF,55.60499206627725,363,N
49,1,1,dec,Itype,8.14322475131469,0,3,STU,16.823519082212147,,N
50,0,2,jne,Stype,23.2453943678832,0,2,DEF,40.11397144290942,294,N
51,1,3,cmp,Stype,11.316138039207875,2,2,GHI,59.32216071546094,7,Y
52,0,4,dec,Stype,31.50737664928655,2,2,PQR,30.396896085034484,363,N
53,0,1,not,SBtype,2.23302313634798,0,1,JKL,16.709342236558925,363,N
54,0,3,dec,SBtype,21.780079891527247,3,3,DEF,29.142374070334295,,N
55,0,3,imul,Stype,9.64959332427072,0,1,DEF,29.789347958597187,,N
56,0,2,and,Itype,26.890540393100434,2,1,YZ,0.03631474897694442,294,N
57,0,2,jne,SBtype,20.862303136531377,4,0,MNO,3.685131060159672,7,N
58,0,4,ret,Stype,11.310914036464577,0,2,PQR,26.96864946532746,363,N
59,0,1,sub,SBtype,39.869331211625074,2,1,PQR,13.497483650413232,7,N
60,0,4,call,Rtype,8.784359210323554,1,2,DEF,31.431652147962488,116,Y
61,1,1,ret,Itype,6.182671778030593,2,2,ABC,9.620412373115201,116,Y
62,0,3,imul,Itype,21.162603836102885,2,1,MNO,59.92528503092269,,Y
63,1,0,ret,Rtype,2.6903102762639852,3,3,MNO,26.946459359205857,,N
64,1,1,inc,Stype,23.70681672370683,4,1,DEF,36.916670031674656,116,N
65,1,3,not,Itype,12.578525074822986,1,2,DEF,53.09386260353904,294,N
66,1,1,call,Itype,22.802457064809325,2,0,JKL,12.527882313606362,116,N
67,0,4,not,Itype,2.692436210947484,3,3,PQR,48.74558679272422,7,Y
68,1,1,jmp,SBtype,19.08727460396948,2,1,JKL,28.600394613389586,294,N
69,1,2,push,Stype,3.030490212189747,4,2,MNO,42.40376346968612,294,Y
70,1,4,add,Rtype,6.147268014104452,3,3,MNO,33.29643939722093,,N
71,1,2,sub,Rtype,21.54256627923848,1,1,ABC,53.78235335143123,7,N
72,0,0,xor,Itype,23.86509458830799,3,2,GHI,8.7883067492143,116,N
73,1,1,pop,Rtype,11.484487980269368,0,3,GHI,3.342020700771129,363,N
74,1,1,mov,Rtype,25.569935626977085,3,0,ABC,29.7385714870241,363,N
75,0,0,not,Itype,20.393891576926684,0,1,VWX,56.193169580351515,116,N
76,0,4,not,SBtype,33.46826206774783,4,3,JKL,41.8651735319424,,Y
77,0,3,push,SBtype,15.203402884111243,3,2,DEF,38.721051542972255,363,Y
78,1,3,dec,Stype,4.423321264061353,3,1,STU,20.874509778997236,7,Y
79,0,2,mov,Itype,17.673106253406317,3,2,DEF,27.842402939754066,363,Y
80,1,3,imul,Stype,34.561346998478854,4,1,ABC,17.661512170583556,7,Y
81,0,1,add,Itype,22.37410508218506,4,3,YZ,48.99131633987733,363,N
82,1,1,add,Itype,4.3886694703721885,3,0,JKL,9.435297266616656,363,Y
83,0,3,mov,SBtype,31.615207238154362,1,1,STU,47.56895568736884,363,Y
84,1,2,jmp,Itype,35.755356615416254,3,3,GHI,41.24544089016396,363,N
85,1,0,xor,Stype,22.546116701721957,3,2,PQR,4.493818375227789,116,N
86,1,4,call,Rtype,34.16520640250898,2,1,DEF,49.32687214493513,7,Y
87,1,2,neg,SBtype,20.394194391452906,2,2,PQR,25.773856282824745,,Y
88,0,0,push,SBtype,15.28174458821491,3,1,JKL,51.73328217701099,,N
89,1,4,and,Itype,33.16573241770607,3,1,VWX,36.50832205008111,294,N
90,0,4,call,SBtype,35.96553234593319,0,1,JKL,1.3886382282467191,116,Y
91,0,4,call,Rtype,22.807697210195713,4,1,MNO,12.25394903182652,294,Y
92,1,0,xor,Itype,20.19127182527979,3,3,ABC,51.44678766352343,,Y
93,0,0,cmp,Rtype,25.716956588023855,0,1,STU,49.80483573277367,116,N
94,0,3,idiv,Itype,29.298251460374377,0,2,JKL,44.498466805925474,363,N
95,1,1,sub,Rtype,4.570763178884998,3,3,STU,38.1285518266992,363,Y
96,0,4,call,Rtype,17.884320971959575,2,0,STU,53.40268481956581,294,Y
97,1,4,call,SBtype,35.57484749307609,3,1,JKL,14.26695968842371,294,Y
98,1,3,mov,Stype,37.83162840703164,2,2,MNO,16.686503367823377,116,N
99,0,3,inc,Stype,4.540095459017417,1,3,ABC,54.72414363846235,116,N
100,0,4,idiv,SBtype,5.173590363447471,2,1,MNO,46.96209616889312,7,N
101,0,1,inc,Rtype,0.4439201307366236,2,2,GHI,51.41424161010168,,N
102,0,0,add,SBtype,39.15605112082136,3,1,VWX,21.325066717255538,7,Y
103,1,2,add,SBtype,36.32709615595558,3,0,DEF,54.96188043706081,116,Y
104,1,3,sub,Rtype,13.508711709845397,0,0,DEF,11.087339287963902,294,Y
105,1,1,xor,Itype,33.70783522573935,2,2,JKL,3.451475927698038,116,N
106,0,1,not,SBtype,7.916603812190095,1,2,STU,21.169791047215117,7,N
107,1,2,idiv,Rtype,20.05756161682563,3,0,DEF,4.5603644518536335,,Y
108,0,3,jmp,Stype,12.235823357529902,3,1,ABC,30.23705438997486,7,Y
109,0,0,neg,Stype,17.76932179260031,2,1,GHI,35.48821670813291,294,Y
110,0,1,dec,Rtype,6.8204531813709,0,1,GHI,15.428412322477874,,Y
111,0,1,push,Itype,21.77675520003079,1,3,ABC,9.164518443950186,,Y
112,1,3,pop,Itype,32.21604078455931,1,2,GHI,31.578450575012248,116,Y
113,1,2,sub,Stype,1.0176074772542165,2,2,ABC,41.585657687802176,,N
114,0,3,and,SBtype,1.18985095097643,4,0,GHI,34.71812621059644,363,Y
115,0,4,sub,SBtype,1.158848018289138,0,3,YZ,22.825246940005187,116,Y
116,0,4,sub,Rtype,35.365929069831566,0,1,ABC,6.376503939228031,116,Y
117,0,0,ret,Stype,24.57453880812473,3,1,JKL,26.65832762846414,7,Y
118,1,0,cmp,Stype,32.55503332791028,3,3,MNO,50.630068487852,,Y
119,1,2,add,Stype,36.61273830974855,4,2,PQR,6.162744560052047,363,N
120,1,4,dec,Rtype,24.09877271118248,1,2,JKL,4.884232252272868,7,N
121,0,3,shl,SBtype,18.18773280021511,3,2,STU,49.77037921137081,116,Y
122,0,1,cmp,Stype,22.217959946559944,0,1,JKL,40.10039125338003,,Y
123,0,2,or,Itype,11.578259821856903,1,0,YZ,10.168885127224081,7,N
124,0,0,shl,Stype,15.457887906112866,2,2,GHI,47.040563410421285,294,Y
125,0,0,jne,Stype,5.544114391800541,4,1,STU,50.27006156050388,363,N
126,0,4,inc,SBtype,12.95647306034156,2,2,MNO,43.96302183306744,363,Y
127,1,3,inc,SBtype,4.025695210685112,2,3,MNO,28.876121887358682,7,N
128,0,2,mov,Itype,7.1548439497282335,3,0,JKL,57.99047308172933,363,Y
129,1,0,jmp,Stype,26.728784438931367,4,1,MNO,32.13322699263812,294,N
130,0,4,neg,Itype,0.22500247099770387,3,1,GHI,39.85172124741583,294,N
131,0,1,jne,Itype,9.11182490223939,4,1,ABC,55.87101642678109,363,N
132,1,4,add,Rtype,21.22370908729335,3,0,VWX,48.69508534263518,363,Y
133,0,1,xor,Stype,14.65032822696787,0,2,PQR,5.885825677704133,116,Y
134,1,1,dec,Itype,25.794923976602398,1,0,GHI,39.224649191134546,7,N
135,0,3,inc,Itype,7.5925893974783465,0,2,JKL,31.281717852106716,,N
136,0,4,xor,SBtype,12.328850899061008,1,3,STU,8.844955671157702,363,Y
137,1,2,not,Rtype,29.429052373912732,2,3,YZ,11.631510955081897,,Y
138,1,0,jne,Stype,4.732432252928205,4,3,GHI,21.703134260373673,7,Y
139,1,2,cmp,Stype,25.614327751912796,4,3,STU,12.48734141735374,,N
140,0,3,cmp,Stype,15.387279012043567,4,0,GHI,38.8025637563169,363,N
141,1,4,imul,Stype,31.238302580299372,1,1,ABC,24.90183540577851,7,N
142,1,3,inc,Rtype,37.86134371511257,1,0,PQR,5.551670391158567,116,Y
143,0,0,dec,Stype,2.4945967157918503,2,0,PQR,32.667643530016726,,N
144,0,4,dec,SBtype,31.20220577013956,1,2,GHI,40.48485086600645,116,Y
145,1,4,jmp,Stype,19.927639297888106,2,3,GHI,12.786079068079822,116,N
146,0,2,pop,Itype,24.39197100215018,2,3,JKL,19.075985132584172,,Y
147,0,4,call,SBtype,3.038112869776266,2,2,JKL,0.16693911025483565,,Y
148,0,0,and,Rtype,7.11968141982164,0,1,YZ,48.69149185241311,7,Y
149,0,4,dec,SBtype,25.21696004610327,1,2,PQR,26.720011763292803,,Y
150,1,0,shl,Itype,20.740561611410193,0,1,GHI,33.79624614296135,116,N
151,0,4,dec,Stype,11.262158218990294,2,0,PQR,42.31056672051929,116,N
152,0,4,inc,Stype,17.53167891788253,0,0,ABC,53.32599629368765,7,Y
153,1,2,mov,Rtype,4.778384875926678,2,1,DEF,0.38614139559238536,7,Y
154,1,3,sub,SBtype,24.195607725346907,2,2,JKL,4.0949196246011255,,Y
155,0,3,shl,Itype,15.936659079779737,3,3,PQR,33.11438825653898,7,Y
156,0,2,call,Rtype,14.842567098873323,3,3,JKL,4.042733345639489,116,N
157,0,1,sub,Rtype,30.828149133977377,2,1,YZ,33.571854034179175,363,N
158,1,1,imul,Rtype,15.75829705189336,3,2,MNO,45.332179183203394,,Y
159,1,2,dec,Itype,23.540799860404057,2,2,PQR,42.204311948356896,,Y
160,0,0,xor,Rtype,21.054612279451366,1,2,PQR,25.420527003000085,363,Y
161,1,0,call,Rtype,0.9132962773872233,3,1,DEF,23.29980517938558,116,Y
162,0,4,pop,Stype,27.355528253337212,3,2,GHI,55.20388181530926,294,N
163,1,2,pop,SBtype,10.251247993879495,3,0,JKL,30.872968722248775,363,N
164,0,0,shl,Stype,32.2478727503449,0,0,JKL,57.69585269699054,7,N
165,1,4,or,Rtype,5.300837989077083,3,2,STU,50.4867877975396,116,Y
166,1,3,shl,Rtype,0.7588417792060254,4,3,DEF,58.9861099736933,7,N
167,1,1,add,Stype,23.13373389810725,4,1,YZ,22.141097774980732,116,Y
168,1,2,mov,Stype,4.462818855156607,2,3,VWX,16.333780386152213,116,N
169,1,4,call,Itype,20.710336853985464,2,0,GHI,16.1138173175951,,N
170,1,0,push,SBtype,11.929546224089606,2,0,VWX,55.36236189538836,,Y
171,1,3,sub,Itype,20.849799284660556,4,1,ABC,51.33655109018325,116,Y
172,1,3,imul,Itype,5.026415416705823,0,0,PQR,48.57676088321101,294,Y
173,0,1,ret,Stype,35.2009975671363,4,1,YZ,35.956967336802876,116,N
174,0,3,inc,Stype,23.767587985553412,0,2,STU,32.55943220414682,116,Y
175,0,0,add,SBtype,3.2758838934196532,3,3,YZ,23.012067067620443,116,Y
176,0,3,push,Rtype,0.8040544110483472,2,3,YZ,49.28471445528441,363,Y
177,0,4,and,Rtype,32.92364976160333,2,2,YZ,5.909715974919074,,Y
178,1,4,pop,Rtype,18.88219146387531,4,3,YZ,46.17845026225906,,Y
179,0,3,sub,Itype,12.940563917117602,4,1,VWX,40.562940434478676,294,N
180,1,3,add,Stype,5.731431534353684,4,0,ABC,19.422998111523583,116,N
181,1,0,mov,Rtype,29.5348489911433,4,0,STU,22.46643657514959,363,Y
182,1,4,jmp,Rtype,29.457819744888006,1,3,JKL,52.50003761944868,294,Y
183,1,1,pop,SBtype,14.759258777138552,0,3,MNO,37.24938436486558,,N
184,0,2,mov,Itype,33.66799346056381,3,1,YZ,52.59144108684765,294,N
185,1,1,push,Rtype,20.911091426931815,4,2,VWX,26.81996306592636,363,N
186,1,3,jne,SBtype,15.653792162498323,0,1,YZ,16.687624881411164,363,N
187,0,1,sub,SBtype,29.107114176036283,0,0,VWX,50.989426365282924,294,N
188,0,2,push,Stype,37.29911035505096,1,0,VWX,40.819138626943655,294,Y
189,1,2,idiv,SBtype,9.340889749886161,0,3,JKL,1.9674957825692818,294,Y
190,1,2,jne,SBtype,17.288925064214553,1,3,VWX,19.526598145355873,294,Y
191,0,2,shl,Stype,22.360209242560913,3,2,MNO,27.773841747805974,,Y
192,1,4,idiv,Stype,21.124762193398997,3,2,DEF,14.450651099139844,,N
193,1,0,push,Stype,9.815359907351308,1,0,JKL,54.986152477123774,116,Y
194,1,4,neg,Stype,39.77503834219762,4,0,MNO,54.50769912443299,363,Y
195,1,2,inc,Itype,11.945580252158944,4,2,GHI,16.656652478798208,7,N
196,0,0,pop,Itype,14.427802913597084,3,3,ABC,32.17835861285026,294,Y
197,0,4,pop,Itype,20.34547808056736,0,0,MNO,14.776608054115297,116,N
198,0,1,or,Itype,36.405415370880654,3,3,YZ,12.503763280836091,7,Y
199,0,1,not,Rtype,35.03275211057544,3,2,STU,52.55027761692573,294,Y
200,1,2,dec,SBtype,0.11286298746683077,4,1,ABC,34.99626490554106,294,Y
201,0,0,and,SBtype,18.983188462847124,3,2,PQR,51.90174709618133,116,N
202,1,2,add,Rtype,28.370594392459726,0,0,DEF,31.09144845193687,7,Y
203,1,0,or,Rtype,25.477237232405546,2,1,VWX,11.128093104088666,116,N
204,0,2,xor,SBtype,14.407271041649285,3,2,GHI,4.521176609210884,116,N
205,1,2,dec,Rtype,6.442022829714964,1,2,GHI,35.693946073242245,7,Y
206,1,0,jmp,SBtype,16.580462091211757,4,1,ABC,45.147703185868494,116,N
207,0,2,push,Rtype,28.690930871044632,0,3,YZ,36.055875610195635,294,N
208,1,1,cmp,Stype,27.580988620779014,2,3,MNO,6.120780267113613,,Y
209,0,2,neg,Rtype,16.915108934562806,0,2,YZ,0.8271228155309474,,Y
210,1,1,push,Itype,28.617629012592506,2,2,ABC,24.450281995401262,294,Y
211,1,1,ret,Itype,21.623075814898122,1,3,VWX,36.94308385935079,116,N
212,0,2,xor,Itype,17.895788483432874,1,3,MNO,49.14856062421015,116,Y
213,0,2,jmp,SBtype,37.542133095659416,2,3,MNO,19.365858695474444,116,Y
214,0,2,dec,SBtype,33.278030971040295,3,3,PQR,34.1643491869224,,Y
215,0,0,xor,Stype,32.069731863403575,1,3,VWX,19.767757748376173,294,N
216,1,1,xor,Stype,25.681328868169857,4,1,PQR,12.265600486405415,294,Y
217,0,3,add,Itype,39.0481696033552,2,3,DEF,1.9949576655266799,7,N
218,1,2,ret,SBtype,36.822156775003926,4,3,STU,42.74831618183195,7,N
219,1,1,inc,SBtype,29.90579268525387,0,2,STU,54.3502509287564,,Y
220,1,0,jmp,Itype,19.905551526377327,2,3,ABC,23.272525894410123,363,Y
221,0,3,call,Stype,30.980212857714218,0,1,GHI,40.101896796608116,7,Y
222,0,1,imul,Rtype,32.99470045037269,3,3,MNO,34.77881450944535,,Y
223,0,0,neg,Rtype,36.885410583387916,2,2,MNO,6.753461821252003,363,N
224,0,0,mov,Rtype,14.552237503227898,3,2,GHI,59.21982877479841,294,Y
225,1,0,and,Itype,22.47728135037181,1,1,YZ,45.62890770005045,,Y
226,0,2,sub,SBtype,18.40441374197086,1,2,PQR,46.92564218316921,116,Y
227,1,4,cmp,Stype,11.98553527219223,2,2,PQR,48.559893197892535,116,N
228,0,4,jne,Rtype,30.035756868285425,2,1,ABC,27.05075808104368,363,N
229,0,3,neg,Stype,29.595072182317665,1,2,GHI,15.483478490186492,,N
230,1,1,push,SBtype,26.92320190202338,4,0,JKL,26.247917246188496,7,N
231,1,4,not,Stype,23.275294674350153,4,3,MNO,45.34877220036895,363,Y
232,0,1,push,Itype,37.80899783014426,4,0,STU,7.014185473193764,7,Y
233,0,3,ret,Itype,34.4832126114244,2,3,ABC,31.198224060578013,116,N
234,0,0,call,Itype,37.19731273909114,2,2,DEF,4.559054020657525,116,N
235,1,3,add,Stype,25.26321196678804,4,0,ABC,47.43111036473189,7,Y
236,1,3,sub,Stype,33.88867436534331,2,0,STU,56.555328141352916,116,Y
237,1,0,imul,Itype,31.29221897222496,4,0,MNO,54.46107118643739,294,Y
238,0,4,or,Rtype,28.226390380524904,0,1,VWX,5.4007008482373635,294,Y
239,0,2,mov,Rtype,34.25318721486625,4,3,YZ,29.891061462177532,116,N
240,0,1,shl,Stype,6.315975638704789,4,2,STU,49.67478306363895,294,Y
241,1,4,neg,SBtype,9.825324333506913,0,3,JKL,0.540469860840509,7,N
242,0,1,idiv,Rtype,30.75587859999867,2,2,GHI,50.81864293206133,294,N
243,0,3,not,Stype,2.154528743009285,3,3,VWX,58.30984749792126,363,Y
244,1,1,idiv,SBtype,16.40909745848741,4,2,GHI,20.87277862820362,7,N
245,0,3,imul,SBtype,4.174316581780935,0,2,YZ,14.062775829980975,363,Y
246,1,2,push,Rtype,29.905740323637975,1,0,MNO,4.124388895643667,294,N
247,0,1,inc,Itype,28.828748426234135,4,1,YZ,30.0626102306505,294,Y
248,0,1,or,SBtype,25.813147181747244,3,2,VWX,10.112951101261034,7,Y
249,0,4,xor,Rtype,10.352842439466801,4,0,VWX,48.93741063178973,363,N
250,1,2,sub,Rtype,9.671156416390074,4,0,STU,53.46608372489085,7,Y
251,0,2,pop,Stype,1.1646475488148145,0,0,DEF,6.7548455864041195,294,Y
252,0,1,xor,Rtype,17.89225482475347,0,3,MNO,15.36685626103858,,Y
253,1,4,dec,Rtype,32.67000624329489,2,3,YZ,44.944825601791315,,Y
254,1,4,xor,Itype,18.874234036077077,1,2,VWX,42.442845455350735,116,N
255,1,2,idiv,Rtype,13.529928445911473,3,2,STU,59.558263942031886,363,Y
256,1,4,add,Rtype,14.384010040114514,0,0,PQR,20.974028399046283,294,N
257,0,4,ret,SBtype,12.108144784173188,0,1,JKL,52.00210511297828,294,Y
258,0,3,shl,Rtype,36.026783419494144,1,2,ABC,42.06040768678226,294,N
259,0,3,mov,Itype,12.189529514905892,3,3,DEF,4.221951942722757,363,N
260,0,4,push,Stype,15.478331877370529,4,3,PQR,8.146876354191816,116,Y
261,0,2,idiv,Rtype,29.025128380930603,2,1,GHI,47.37133090955617,7,N
262,1,4,push,Itype,39.029346358241156,2,3,YZ,51.01742768591955,116,N
263,1,2,not,Stype,22.952661039539983,0,3,ABC,52.03061971574311,7,N
264,0,1,pop,Stype,0.5881020152620131,4,2,MNO,33.869900895209796,363,N
265,1,4,pop,SBtype,10.166349695387042,4,0,MNO,21.263940710804278,,N
266,1,4,shl,Rtype,10.368985991267214,3,3,YZ,32.21441669107443,7,N
267,0,0,sub,Itype,32.390769835502354,2,3,JKL,12.295017849565923,7,N
268,0,0,shl,Rtype,17.857211284410916,3,1,DEF,10.636599197468211,294,N
269,0,4,neg,Itype,1.0915637643639897,0,3,STU,31.515791316005156,,Y
270,1,2,push,Rtype,7.805893427778923,0,1,STU,0.8976154262080027,7,Y
271,1,1,inc,Itype,15.8490558219539,2,0,STU,27.780958278750063,116,Y
272,0,2,neg,Itype,37.25291286304497,4,0,GHI,57.911012900589796,294,Y
273,1,3,call,Stype,12.034076852868093,2,0,DEF,38.463515026814626,116,Y
274,0,3,ret,Stype,30.56990934552861,4,3,MNO,23.205248475927974,294,N
275,0,4,imul,Stype,24.973990181852944,2,3,GHI,38.668930467349725,294,N
276,0,1,dec,SBtype,3.7731054424664157,3,2,YZ,18.192770622340454,7,Y
277,1,0,sub,SBtype,14.276307270748037,1,2,STU,42.88059180286687,363,Y
278,1,0,mov,Itype,14.128571285149834,2,2,GHI,4.5078585846575,,N
279,0,0,or,SBtype,0.08170588945938473,0,3,STU,19.892907149829142,116,N
280,1,3,xor,Rtype,23.7412654648922,1,0,JKL,27.36020497551468,7,N
281,0,0,not,Rtype,30.983565870195967,4,0,VWX,49.13353358260973,,Y
282,1,3,and,Rtype,0.9584690760333059,1,1,JKL,56.16456227162385,7,N
283,0,3,call,SBtype,5.699007829920082,2,3,STU,20.08971510967644,,Y
284,1,1,or,Stype,29.334141220804174,4,3,PQR,58.93523836751961,294,Y
285,1,1,imul,Rtype,12.645434687876161,1,0,STU,42.6293373303896,294,Y
286,1,0,cmp,Stype,12.130376009449414,1,1,YZ,26.05165740510856,363,Y
287,1,3,dec,Rtype,29.405495720183854,3,1,ABC,58.457012075881,7,Y
288,0,4,mov,Rtype,37.46935889889096,4,2,GHI,41.39159931268152,294,Y
289,1,2,idiv,Rtype,5.659456641023097,1,0,STU,49.65161298394475,7,N
290,1,1,pop,SBtype,34.4034026826383,0,1,ABC,10.878082062097006,116,Y
291,1,0,pop,SBtype,10.777103036736321,0,2,YZ,50.318449645448105,,Y
292,0,2,idiv,Rtype,4.693248164169677,3,3,MNO,18.62205945110334,294,Y
293,0,4,neg,Stype,7.526573259336877,3,3,GHI,14.890728400989264,116,Y
294,0,4,mov,Itype,20.811681470570562,0,2,MNO,16.753293130825945,363,Y
295,1,2,cmp,Stype,11.75404905943143,0,1,ABC,0.5268177364970317,116,Y
296,1,0,cmp,Stype,36.810407448776814,0,0,STU,23.466442475865612,116,N
297,1,1,shl,SBtype,25.825591258969386,0,3,STU,1.683077668933619,363,Y
298,1,0,xor,SBtype,36.35372094680502,0,3,PQR,20.142703824131996,,N
299,1,2,sub,SBtype,4.261486068071889,2,2,VWX,8.835015510975504,7,Y
300,1,3,sub,SBtype,9.930662382265073,4,2,MNO,19.529613870449534,363,N
301,1,0,not,Stype,20.984720835307552,1,3,ABC,41.428438547887836,294,N
302,1,4,mov,Itype,0.7210261926322659,4,3,GHI,3.047707053541926,294,N
303,0,1,dec,Rtype,38.615186161462844,2,1,JKL,36.48176070081398,363,N
304,0,2,inc,Rtype,37.88004438804823,3,1,VWX,14.201253878496626,294,Y
305,0,4,dec,Stype,14.873908133713037,3,3,PQR,23.78832526497977,,N
306,1,1,xor,Stype,7.846963051234215,3,1,DEF,32.4291089354639,7,Y
307,1,4,idiv,SBtype,15.464645581084957,3,0,YZ,40.8560372767171,7,Y
308,0,1,or,Stype,21.438525258189834,0,2,DEF,27.395753926955653,116,Y
309,1,3,mov,Itype,2.2685028492738857,1,0,ABC,46.251145335976496,294,Y
310,0,1,cmp,Stype,9.716780678843167,2,1,MNO,54.68731416788757,363,N
311,1,1,call,Itype,20.390477719448118,1,2,VWX,39.37655915472164,,N
312,1,0,dec,Stype,22.62284643969139,4,1,MNO,31.36774154254158,,Y
313,0,0,cmp,SBtype,20.33842429818157,4,1,JKL,33.41679475302481,,N
314,1,1,and,Itype,21.75981912209723,2,1,DEF,52.074020706209424,116,Y
315,1,4,cmp,Itype,3.5624532296064437,3,0,MNO,8.012761742641935,116,Y
316,0,0,or,SBtype,25.700824636188067,4,2,PQR,37.59093790488261,7,Y
317,1,3,xor,Rtype,4.733293882731533,0,3,GHI,26.21888744474203,294,N
318,0,2,and,Rtype,8.50711148592322,1,1,ABC,41.95963523324281,116,Y
319,1,2,add,Rtype,2.939733132870823,3,2,VWX,57.51412658709133,7,Y
320,0,3,or,Rtype,16.839302880320773,2,2,ABC,55.271532890204455,,Y
321,1,1,jne,Rtype,24.83568977612336,4,1,DEF,42.124506043305296,,Y
322,0,1,and,Stype,9.070380663434193,1,2,STU,40.18781197141687,294,N
323,1,4,shl,Stype,9.994245722536927,2,1,PQR,47.67243939336803,7,Y
324,0,4,neg,SBtype,19.703944331891332,1,3,PQR,52.228726707881194,116,N
325,0,2,sub,Itype,7.367158371654656,2,0,VWX,10.459726725524852,363,N
326,0,2,and,Itype,31.67184758772502,1,0,YZ,40.21413035540917,116,N
327,1,2,idiv,Stype,24.60899263577112,3,0,MNO,32.260268461759274,,Y
328,1,4,push,Rtype,17.421389617120436,2,3,ABC,14.418621052934956,294,N
329,1,3,sub,Rtype,23.786999926256005,4,1,DEF,17.003938099650554,116,N
330,0,4,dec,SBtype,19.987668432912105,3,0,YZ,28.829947501871764,116,Y
331,1,4,and,Rtype,6.873617836034556,4,0,DEF,54.61240468335807,,N
332,1,0,add,SBtype,22.659637817832525,2,2,YZ,40.65647103360605,363,Y
333,1,4,neg,Stype,0.4325867859615684,0,1,PQR,39.1456685775977,363,Y
334,0,1,and,Itype,21.460803204186,3,1,MNO,5.762255613200004,116,N
335,1,4,mov,Stype,17.93657739487309,0,3,GHI,23.913765955359782,7,N
336,0,2,ret,SBtype,15.225901831609896,4,1,YZ,20.897080567253006,7,N
337,0,3,idiv,Itype,26.240503048351307,0,2,PQR,54.288650827241426,363,Y
338,1,1,or,Stype,22.103934330582653,4,1,PQR,38.30746433457434,,N
339,1,1,pop,Stype,9.104090636332728,0,2,DEF,13.828529722996837,294,N
340,1,4,imul,Rtype,34.40562299698385,0,0,ABC,12.836334372332347,116,Y
341,1,1,and,SBtype,30.723938372139088,3,2,JKL,36.217800641542226,,N
342,1,0,ret,SBtype,39.57506885332982,4,0,GHI,29.932820186807326,,N
343,0,4,ret,Stype,21.012347143129276,1,3,DEF,5.2652975431199085,,Y
344,0,3,shl,Rtype,7.439572769972491,1,0,STU,15.203699685644235,116,Y
345,0,4,or,SBtype,7.239086645295418,1,1,STU,37.0036643653437,,N
346,0,2,xor,Stype,12.799285556432398,2,2,STU,17.584907959540647,116,N
347,1,1,imul,Stype,15.00593347360283,4,1,DEF,15.790180492654782,116,N
348,0,1,jne,Stype,21.336177434965396,4,1,PQR,56.859675765264086,294,Y
349,0,1,ret,Itype,28.03750677058204,1,0,VWX,33.73456701369195,7,N
350,1,0,inc,Stype,25.52038479983095,4,3,STU,43.13458154197601,116,Y
351,0,3,and,Rtype,25.90877370028693,1,1,JKL,1.8698348200242765,294,Y
352,1,3,sub,SBtype,21.739818150886634,3,2,STU,25.699636876626084,,N
353,1,2,jne,Stype,38.50403142932955,4,3,DEF,34.357133546460005,116,Y
354,0,4,xor,Itype,14.755135034146406,4,3,GHI,19.86347058010428,363,Y
355,1,2,jne,Stype,25.752711631809497,0,1,YZ,25.17261127186333,116,N
356,1,4,push,Itype,14.680274418360204,0,0,VWX,32.35203335413484,7,N
357,1,2,jne,Itype,32.85354312855827,1,3,JKL,10.303625495742653,7,N
358,1,3,add,SBtype,38.052648300141655,3,1,DEF,10.247593985142116,,Y
359,1,4,inc,Itype,29.861654576318678,3,1,YZ,8.491345872174092,,N
360,1,4,push,Stype,34.85183378649919,4,2,VWX,0.014234875873955222,,N
361,0,2,call,SBtype,28.884619083377668,1,2,GHI,19.215981534629098,363,Y
362,0,0,cmp,SBtype,5.599574358570267,0,2,ABC,32.741400004533396,,Y
363,1,4,inc,Stype,15.84126193947836,4,2,PQR,14.775431950041632,7,Y
364,1,0,push,Rtype,20.58891431676036,3,0,GHI,16.526309465103434,7,N
365,1,0,call,SBtype,16.522881540483823,4,2,ABC,30.185570266566295,7,Y
366,0,0,xor,SBtype,9.54718355102624,2,2,DEF,8.646651320577853,363,N
367,1,0,sub,Itype,35.53805067705369,2,1,MNO,33.8522977254935,116,Y
368,0,3,idiv,Stype,11.124871286991823,4,3,DEF,45.40839458552496,294,N
369,0,2,call,Rtype,20.470015680285464,2,2,STU,27.353148650382913,7,Y
370,0,3,inc,SBtype,38.36693102044454,1,1,YZ,57.4678459914098,116,N
371,1,3,dec,SBtype,27.604835516213207,2,1,ABC,58.26532996827112,,N
372,0,4,pop,SBtype,13.884891508056455,3,1,YZ,46.31593218713284,363,N
373,1,4,inc,Itype,14.752060783259164,3,3,JKL,58.73170984077243,7,N
374,1,4,xor,SBtype,13.785840870676655,4,2,STU,25.281361526205806,,Y
375,0,0,xor,Stype,13.358938368587353,1,3,PQR,15.195656823674295,116,N
376,1,1,and,Stype,16.90889272092341,4,3,GHI,51.92164511413583,,N
377,0,2,add,Stype,19.131855932296645,4,1,PQR,14.008819487257774,116,Y
378,1,2,sub,Itype,3.889994784936679,1,2,GHI,14.32393991195191,363,Y
379,0,2,mov,Rtype,8.56955004593107,2,1,PQR,2.036173275198978,116,Y
380,1,1,neg,SBtype,15.258403835372455,3,0,STU,0.6094926598349737,,Y
381,0,4,shl,Itype,28.2472145019129,2,1,ABC,17.533519048695933,7,N
382,1,3,neg,Stype,13.886742839464752,1,2,VWX,40.79268276872506,363,Y
383,1,1,inc,Rtype,10.952876711976817,4,0,JKL,35.788306269421916,363,N
384,0,2,cmp,Stype,11.576902891647398,4,0,MNO,48.547263608846336,116,Y
385,0,3,inc,Itype,5.099278335679136,2,1,DEF,27.611094139677377,,Y
386,1,0,push,SBtype,23.76995687931973,3,0,YZ,7.043807144698735,7,Y
387,0,4,cmp,Stype,39.05735645681551,2,1,YZ,14.671334045724985,116,Y
388,0,3,push,Stype,4.525956246164027,3,1,DEF,44.14477651488744,363,N
389,0,1,jne,Itype,29.525952349235972,3,0,ABC,15.551662197834153,116,N
390,1,3,not,SBtype,6.514336036441182,3,2,PQR,41.25862994154929,7,Y
391,1,4,mov,SBtype,1.9509363958397774,3,3,GHI,56.72669042775691,116,Y
392,0,0,cmp,Rtype,8.32490255396194,3,2,ABC,19.727646378002795,7,Y
393,0,0,mov,Stype,14.266223144649203,3,0,GHI,1.4270958209031415,,Y
394,1,0,not,SBtype,10.124256857228255,1,0,ABC,35.13054835765493,363,Y
395,0,4,mov,Stype,14.428250676709634,3,3,PQR,57.396755632238424,294,N
396,0,1,imul,Itype,22.64851687326901,3,0,MNO,33.85109319178307,363,Y
397,1,2,jmp,Stype,14.391754547215063,2,0,PQR,59.07243283099453,294,Y
398,0,1,and,Itype,14.885199550038744,2,3,YZ,7.836123326201195,7,N
399,1,1,and,Itype,24.051998109975475,0,3,PQR,43.766368880184636,7,Y
400,1,0,neg,Stype,7.699807222908732,4,0,DEF,14.372610036223465,294,N
401,1,4,xor,Rtype,22.942387424372118,1,0,ABC,16.090107761341557,294,N
402,0,1,dec,SBtype,21.645626146036136,3,2,MNO,17.17426715753507,,Y
403,0,1,idiv,SBtype,10.918414456317702,1,2,STU,1.6937037003909916,7,Y
404,0,3,neg,Stype,9.790792958146062,3,3,MNO,1.471217565435039,363,Y
405,0,4,dec,Rtype,20.58709362252499,0,0,GHI,35.40226067460974,116,N
406,0,1,dec,SBtype,31.717199373224556,1,1,MNO,53.64148142698956,7,Y
407,1,4,add,SBtype,1.240453503606167,0,0,MNO,52.13950345967027,7,Y
408,1,4,mov,SBtype,0.9838365881481659,2,1,PQR,51.68169198506258,294,N
409,0,4,neg,Itype,25.978223729073445,1,0,VWX,22.896181729969115,363,Y
410,0,2,add,Stype,4.274265349237774,4,0,DEF,3.7480020427094285,116,Y
411,0,4,cmp,Itype,24.240984431298127,2,3,STU,24.930047007655553,,N
412,1,0,or,SBtype,10.38728948176801,3,3,MNO,31.615728020025948,,N
413,0,0,cmp,SBtype,9.71876219679698,0,0,PQR,36.598518820551796,363,N
414,1,4,mov,Stype,25.71822314324445,3,3,ABC,21.0231504771783,363,N
415,1,1,imul,Stype,9.636976464666457,0,2,PQR,36.152729045476825,116,Y
416,1,1,cmp,SBtype,5.51833392524848,2,0,JKL,3.1393269417515857,363,N
417,1,2,sub,Stype,11.789548704582838,2,0,VWX,23.42839589873511,7,N
418,0,4,xor,Stype,2.2520464750576075,2,3,JKL,17.392145114184505,116,Y
419,1,1,neg,Itype,5.811550743451308,3,2,VWX,8.391100189254095,294,N
420,0,3,xor,Itype,5.655905803676586,2,1,YZ,23.073171472135762,,Y
421,0,4,jne,SBtype,35.34356943945467,0,0,PQR,32.07259800796185,363,Y
422,0,1,pop,Stype,29.654753375045743,4,1,MNO,5.011010061497682,,Y
423,0,1,idiv,Itype,39.921875230878626,2,0,JKL,45.300682424514406,363,N
424,1,4,ret,Itype,34.91392858514794,4,2,VWX,26.228730837022994,7,Y
425,1,1,dec,SBtype,0.17437947122167063,3,1,DEF,19.22110988564051,363,Y
426,0,1,shl,Itype,11.755213191085732,1,1,PQR,20.158937518581933,116,Y
427,0,1,dec,Itype,20.588178681377578,0,3,PQR,56.30504233682905,,Y
428,0,2,call,Stype,23.97760462001623,3,1,STU,33.12194202259587,116,Y
429,1,4,jne,Rtype,27.309458771472602,3,1,YZ,3.2356850607607424,294,N
430,1,2,ret,Stype,21.077173069137455,0,3,VWX,18.128660117560823,116,Y
431,0,3,inc,Itype,35.971318015553656,2,0,STU,56.55484377559601,116,N
432,1,1,add,Itype,3.0035879949822863,2,2,ABC,47.21100731189471,,Y
433,1,4,and,Stype,36.03902068480155,1,2,ABC,13.99705501672001,7,N
434,1,3,sub,SBtype,38.12499304084366,3,3,PQR,46.0367344982231,,N
435,1,2,pop,Rtype,27.05088506144781,4,1,GHI,37.09398118483926,294,N
436,1,1,idiv,Rtype,9.51820509289352,2,0,YZ,32.780659466716955,294,Y
437,1,2,or,Itype,34.57731240802627,2,0,VWX,27.536788055020843,363,N
438,0,4,dec,Itype,24.210107923778757,2,0,YZ,42.50480226324961,294,Y
439,0,1,mov,Itype,15.964518352693457,4,2,GHI,59.14219758792539,363,N
440,0,2,dec,Itype,19.871767995205055,2,0,GHI,37.79071183402502,,N
441,1,1,neg,Rtype,37.05635665056441,0,1,GHI,25.888212713398634,294,Y
442,0,4,cmp,Itype,38.04054622569835,4,3,STU,5.275303481013811,7,N
443,1,1,push,Itype,35.65151443637397,1,2,JKL,30.755263806773854,294,Y
444,0,4,idiv,Rtype,25.90592277387083,4,1,GHI,57.57382643629847,116,Y
445,1,1,jne,SBtype,34.58757611888645,0,0,JKL,52.59314639908494,7,N
446,0,1,sub,Rtype,5.902041217985889,3,2,PQR,23.715691021274033,116,Y
447,1,2,mov,Rtype,9.95993986314939,2,1,DEF,42.601662544641684,294,Y
448,0,2,pop,Rtype,5.800717625080911,1,3,YZ,59.640559829419985,,Y
449,1,1,inc,Stype,14.352331040165907,4,2,VWX,57.354864572122,363,N
450,1,2,push,Stype,1.8467031934469968,3,2,DEF,12.021767362615085,,N
451,0,2,cmp,Stype,27.638947382979016,3,0,PQR,45.55394728644965,7,N
452,1,3,dec,Stype,32.2042268580162,4,0,JKL,17.858956848648173,116,Y
453,0,3,cmp,Rtype,32.72032952602698,2,3,VWX,55.05214538179147,7,Y
454,1,3,add,Stype,3.3000796899448526,0,0,JKL,8.991455135457985,116,Y
455,1,4,and,Itype,15.845506668210842,3,0,GHI,5.434499241531676,294,N
456,0,3,call,Itype,19.43143598275538,3,3,ABC,38.73008618796534,294,N
457,1,3,pop,Stype,38.45541684787675,2,3,PQR,49.35919588772752,7,N
458,0,2,or,SBtype,11.91170952295563,2,0,ABC,34.811649511647175,7,Y
459,0,2,mov,Itype,35.88880036404593,2,2,PQR,25.061874784209436,,Y
460,0,0,ret,SBtype,33.71854458592963,1,3,YZ,9.449765893216366,294,N
461,0,3,idiv,Rtype,37.261096681549894,4,2,VWX,33.0333463406236,,Y
462,1,0,inc,Rtype,16.543096945792733,1,1,DEF,11.56014445674683,363,N
463,1,2,call,Itype,17.988563036210966,0,0,YZ,16.2223856706019,116,Y
464,0,0,sub,Rtype,0.5488562218454396,3,3,MNO,24.637256529444837,116,N
465,1,4,cmp,SBtype,31.05698969614508,0,1,ABC,49.60569157709479,116,Y
466,0,4,pop,Stype,0.5691023430073061,1,0,GHI,56.72599383486619,7,Y
467,0,1,jmp,Rtype,26.938731921939272,1,2,STU,51.981195704463424,363,Y
468,0,3,jne,SBtype,19.824760666675765,1,0,PQR,10.647189805492763,116,Y
469,0,0,sub,Itype,22.624616601082078,2,3,DEF,14.31760787991282,116,Y
470,0,0,not,Rtype,30.948661999814775,2,3,VWX,2.323996992186499,7,N
471,0,1,idiv,Stype,35.84454643009428,4,3,DEF,50.00158331235867,363,Y
472,1,0,ret,Rtype,30.241422808310745,4,2,JKL,34.633629590611655,116,N
473,0,4,jne,Itype,8.8031424917396,4,1,STU,57.431413238750714,363,Y
474,1,4,jne,Stype,5.321810445588535,1,2,MNO,59.173582005990546,7,N
475,1,3,call,Itype,36.86889611818412,0,2,STU,2.677532078647613,363,N
476,0,1,sub,Itype,19.076934133368084,4,1,STU,12.64501839238818,,N
477,0,1,jne,Itype,21.92351537190982,2,1,JKL,10.340857960988627,294,Y
478,1,2,and,SBtype,22.31241790482622,1,3,GHI,58.46967515192663,,N
479,1,1,inc,Stype,36.644342116893604,0,1,JKL,9.704803494465665,363,Y
480,0,3,imul,Itype,17.06652438295049,3,1,GHI,13.830947956406462,294,N
481,1,4,pop,Itype,1.5016090028429074,3,0,VWX,26.68679363029885,116,Y
482,0,0,jne,Itype,1.744067890757961,1,3,ABC,32.46826154437043,,Y
483,1,1,call,SBtype,3.306359167121453,1,0,MNO,44.71184460614259,294,N
484,1,4,inc,Stype,13.294391835707785,2,2,ABC,35.44934234279299,294,N
485,1,2,imul,Stype,8.302841767766829,3,3,ABC,34.00137103368006,7,N
486,1,3,pop,Stype,35.53870770877665,4,0,ABC,51.72519647418148,116,Y
487,0,3,push,Itype,2.82339870029797,1,3,DEF,58.8563321884518,,N
488,1,2,idiv,Rtype,14.395214582037475,2,1,JKL,14.76729303092958,363,N
489,1,3,inc,Rtype,8.93091155967376,1,1,DEF,25.958952047158583,7,Y
490,0,2,shl,Stype,37.36151193228548,0,2,MNO,9.322741192813751,116,Y
491,1,2,jne,Stype,19.809100904614674,3,3,ABC,13.096235149283174,,N
492,1,0,not,Itype,39.68542980209138,1,3,STU,40.70706455000719,294,Y
493,0,2,neg,Stype,14.943847374490069,4,3,ABC,6.3399010266884215,,N
494,1,0,neg,Itype,13.988966253080823,0,1,STU,51.50248901308862,116,N
495,0,1,dec,SBtype,22.525457813497454,2,2,JKL,16.06772716082678,294,N
496,1,4,mov,Itype,28.55645280711424,3,0,VWX,58.12281239619972,,N
497,0,3,or,Rtype,13.49615386125083,4,1,MNO,15.71525103816998,116,N
498,1,0,imul,Itype,32.98442649175511,2,3,JKL,1.638151059163091,294,N
499,0,0,ret,Itype,21.9333055139776,2,2,GHI,40.6727862423831,,Y
500,0,2,inc,SBtype,27.251576870102458,1,1,STU,5.084550685600346,,N
501,0,2,or,Stype,17.461860226127953,4,0,PQR,55.64073302437986,363,N
502,0,0,shl,Itype,11.3328856125485,1,1,DEF,10.846141001466346,7,Y
503,0,2,mov,SBtype,3.532150694511351,3,2,GHI,6.129578993825389,7,Y
504,0,3,dec,SBtype,14.086763514411974,1,0,YZ,54.07456822989515,294,Y
505,1,3,push,Itype,31.190755342245062,2,1,JKL,11.953713544519546,294,Y
506,1,0,neg,Stype,22.325479126539815,4,0,GHI,48.00129402212047,294,Y
507,0,1,neg,Stype,27.79838257091321,1,3,JKL,18.620809694867003,7,N
508,1,3,not,Stype,12.865279010113607,1,2,STU,7.810667820872288,294,N
509,1,2,sub,SBtype,0.026050996223441203,1,1,YZ,51.16567399924672,7,Y
510,0,0,pop,Rtype,3.2692255667453685,2,0,STU,37.953709828961046,7,Y
511,1,4,push,Rtype,12.943171764883061,0,0,DEF,0.6673682365410394,,N
512,0,4,xor,Rtype,32.9346483093719,0,2,MNO,28.70737474893493,294,Y
513,1,4,not,Stype,35.28859058937816,2,2,PQR,19.114185420991056,116,N
514,0,3,or,Itype,9.361654148152251,2,3,VWX,48.903265692716566,294,N
515,1,2,idiv,SBtype,0.9696221356138635,2,3,YZ,22.60723132814624,,Y
516,1,3,push,Rtype,10.29770377852174,0,2,YZ,15.52403676150323,363,N
517,1,4,sub,Itype,5.121201032697655,0,1,STU,4.237025279921256,363,Y
518,1,4,ret,Stype,29.729562101496203,2,3,DEF,16.28107399856419,294,N
519,0,3,jmp,Stype,28.18997594118595,3,3,DEF,52.99397107611497,,N
520,0,3,xor,SBtype,31.791650287635132,1,1,MNO,23.694335302274528,363,Y
521,0,3,neg,SBtype,28.419884933926664,4,0,GHI,51.37759222609486,116,N
522,1,4,inc,Itype,21.33174448931936,4,1,ABC,22.293849590055416,,Y
523,1,2,neg,Stype,8.580041364264543,3,2,GHI,55.85470581206003,116,N
524,0,4,inc,Stype,34.92422561491601,2,0,GHI,21.989787121397196,363,Y
525,0,4,dec,SBtype,19.98209854566032,3,1,GHI,56.90205008138048,363,Y
526,1,3,sub,SBtype,3.5042532738246157,3,0,YZ,3.4138768908245165,7,N
527,1,1,or,SBtype,32.378136962503255,4,0,JKL,24.332950582281253,7,N
528,0,1,dec,Stype,5.760671040932586,4,0,ABC,7.74836443310498,363,N
529,1,1,jmp,Itype,11.575343896345496,4,0,YZ,47.0586664014217,,Y
530,1,0,inc,Rtype,35.51655578545801,2,1,PQR,44.390428892406376,,Y
531,0,3,neg,SBtype,37.861052071300136,4,0,DEF,55.24418546255575,,Y
532,0,4,idiv,SBtype,6.864783113897888,0,1,ABC,59.21793180851998,116,Y
533,0,3,mov,Rtype,5.142138802093483,2,2,PQR,49.664074965633375,,Y
534,0,1,sub,SBtype,39.719666285118656,3,2,PQR,27.537127533935784,294,Y
535,1,3,dec,Itype,27.23391232774634,2,1,JKL,3.229539530113763,363,N
536,0,4,dec,SBtype,31.907311635826147,4,3,GHI,48.23469710943851,363,Y
537,1,3,push,SBtype,14.052176427846575,0,3,ABC,40.90025937269764,,Y
538,1,4,and,Itype,2.6680042221259015,1,2,ABC,43.866909224115986,363,Y
539,0,0,imul,Stype,4.145597373826546,0,1,JKL,39.3769307230964,,N
540,0,2,cmp,SBtype,19.34426412875827,4,1,JKL,8.61705738407351,7,Y
541,0,2,jmp,Itype,33.482338994278166,4,3,VWX,45.79778809040045,116,Y
542,1,0,dec,Rtype,21.35557566775047,0,3,MNO,16.444508482474028,363,N
543,0,2,ret,Stype,25.346162762205804,0,1,ABC,10.344372971580007,294,Y
544,1,4,or,Itype,17.665795663933544,1,3,VWX,39.168538457241,363,N
545,0,3,not,Rtype,14.760610710336636,1,0,VWX,28.365839031169195,7,N
546,1,3,xor,Stype,7.50718816315556,2,1,ABC,10.256997139859944,294,Y
547,0,1,add,Stype,28.535990871385533,2,2,DEF,50.86564292790221,7,Y
548,0,1,xor,Itype,33.57590993457203,1,1,VWX,11.01392792333355,,N
549,1,1,add,SBtype,24.128561046066054,1,2,MNO,44.99859602917754,294,N
550,0,0,call,Stype,36.385365449787436,3,2,ABC,11.794395667924803,,Y
551,0,4,mov,Itype,39.406373747635456,3,0,GHI,24.896051595200735,294,Y
552,1,2,jmp,Rtype,37.411721100147595,0,1,VWX,34.38015712020231,116,Y
553,0,0,or,Rtype,8.305468942467925,1,3,MNO,6.57802118119813,363,N
554,1,4,imul,Stype,34.82055900382044,3,3,ABC,1.6099437216984502,7,N
555,1,4,or,Stype,6.998368658246155,4,3,ABC,54.392169203733125,116,N
556,0,1,shl,Itype,4.41833299350384,3,0,ABC,35.799288494054636,294,Y
557,1,2,sub,Rtype,17.330959474117424,0,1,YZ,25.59144639925205,,Y
558,0,1,not,Stype,25.67636123683235,3,3,YZ,56.809191364180336,363,Y
559,1,0,not,Rtype,32.15705133025424,4,0,GHI,15.073587784168742,7,Y
560,1,2,pop,Stype,13.477838773138199,0,3,JKL,7.975124297253711,294,Y
561,0,3,idiv,Rtype,0.905755660105827,3,3,ABC,37.321868419723025,116,N
562,1,2,cmp,Stype,24.18872735132102,1,0,YZ,29.16099336967347,7,Y
563,0,1,dec,Stype,34.42136591170184,2,0,DEF,7.515956429942143,294,Y
564,0,2,ret,Rtype,1.7650448577111044,4,0,ABC,8.958561175593493,,Y
565,1,3,mov,Itype,4.124341093851509,2,3,MNO,35.94626089627005,294,N
566,1,1,and,Stype,5.785216581926278,4,1,STU,44.54151623854392,,Y
567,0,1,add,Itype,38.09109790271437,4,2,MNO,24.292557907278805,363,N
568,1,2,pop,Itype,1.2411755282282222,1,0,STU,6.592451410734705,363,Y
569,0,4,ret,Itype,17.78618647520071,2,3,ABC,36.73818741579674,,N
570,0,3,shl,SBtype,2.3052743278397836,2,0,DEF,0.5906440101718591,116,Y
571,0,2,call,SBtype,18.955166758144216,4,1,DEF,27.872839417800698,363,N
572,0,4,not,Stype,3.424479380259764,3,3,JKL,14.010869592124024,363,Y
573,1,4,and,Rtype,30.496021252460828,3,2,MNO,20.581889485877166,7,N
574,1,0,mov,Stype,35.72564881732167,3,3,GHI,4.351228252707808,363,N
575,0,2,jne,Rtype,19.2297774204234,3,3,GHI,40.73277589948891,116,N
576,1,2,neg,Itype,22.237136093116682,4,1,GHI,37.31163981656986,7,N
577,0,3,add,SBtype,27.632046943981518,0,1,VWX,47.50653322699822,294,Y
578,1,4,pop,Itype,32.12691317440169,2,0,JKL,24.096666873268845,294,N
579,1,2,neg,Rtype,29.726853279360498,3,3,GHI,48.56790611285781,,Y
580,1,1,pop,Rtype,2.775090409120442,1,2,JKL,0.0613518529473045,116,N
581,1,0,ret,Stype,25.13443374698317,2,0,GHI,32.50416410731967,7,N
582,1,4,or,SBtype,14.369856137707945,4,3,MNO,10.86170762931985,363,N
583,0,0,or,SBtype,7.520839520542939,3,2,JKL,44.036404548565685,116,Y
584,1,3,idiv,Rtype,15.902516420165323,3,1,MNO,3.473600933769676,7,Y
585,0,4,jmp,Itype,12.087617625725553,2,3,DEF,35.47046118105024,,Y
586,1,2,or,Itype,4.699913092867631,3,2,STU,19.74225792371916,,N
587,0,3,shl,Rtype,30.497888951231683,3,3,STU,34.902342591815355,294,Y
588,0,4,jmp,Stype,38.51362949519856,3,2,GHI,3.464555774295164,,N
589,0,4,shl,Itype,34.105956625573754,1,2,GHI,54.78367601767806,,Y
590,1,3,jmp,Stype,9.951318461610366,2,1,JKL,53.68946037145372,7,Y
591,1,2,shl,Itype,8.414352115160547,1,2,YZ,0.8078735722979968,,N
592,1,1,jmp,Itype,3.355036959736988,2,1,PQR,44.07193513480918,,N
593,1,4,idiv,Stype,15.727570752572259,1,3,YZ,40.3864001680171,116,N
594,1,0,neg,Rtype,34.93806863713919,3,2,MNO,41.984838464365616,363,N
595,1,4,inc,SBtype,10.589150280937577,0,2,ABC,33.1282985387359,363,Y
596,1,1,sub,Itype,23.659817652882612,1,1,PQR,42.761232009751964,7,Y
597,0,2,and,SBtype,14.040135533898761,2,0,JKL,27.56933521062835,363,N
598,1,1,mov,Stype,19.020886052541318,3,0,JKL,59.93619473131901,,N
599,0,1,neg,Itype,22.34274902549377,3,1,YZ,36.70267014933409,,Y
600,1,1,inc,Stype,23.78994588734489,2,2,STU,48.609064072965104,116,Y
601,0,3,xor,Stype,31.430894502194594,4,0,DEF,14.325091802835054,,N
602,0,1,cmp,Rtype,1.9160088172449052,1,3,JKL,52.77579401909808,7,Y
603,1,0,jmp,Rtype,12.27244065578697,2,0,GHI,23.66413552738663,7,N
604,1,4,cmp,Itype,26.292513946562444,0,1,VWX,23.800807007929187,116,N
605,0,4,add,Rtype,15.222400899456447,4,0,GHI,40.99095676252526,294,Y
606,1,2,mov,Stype,37.65112866909039,1,3,PQR,46.95386089549522,294,N
607,1,0,jmp,Itype,2.0483305009818187,1,1,VWX,45.166531246455826,116,N
608,0,4,ret,Itype,23.561444046499854,1,1,DEF,39.22313278359194,363,Y
609,1,4,jne,Itype,33.37831424020882,1,2,YZ,46.325935585726214,363,N
610,0,1,pop,Itype,26.065826157558476,3,0,DEF,25.77450388648221,7,N
611,1,1,and,Stype,38.58213785441269,3,0,MNO,49.43273797316414,7,Y
612,0,4,shl,Stype,2.3146348806900674,4,2,VWX,13.03430859498421,116,N
613,0,0,sub,Itype,21.101781536185534,3,1,YZ,23.591028282469864,116,N
614,1,1,not,Itype,17.011696650795834,1,1,JKL,28.197180906668223,116,Y
615,0,4,add,Rtype,11.311431317880377,2,2,VWX,0.7329510314683096,294,N
616,0,1,jne,Itype,6.355836622720128,0,1,STU,48.59919641703019,294,Y
617,1,2,neg,Itype,31.39270952173515,1,1,ABC,8.36274174257033,7,Y
618,0,0,imul,Rtype,31.03734502644253,0,3,DEF,37.07350119379831,294,Y
619,1,2,ret,SBtype,7.740196883241284,4,0,GHI,18.79406615276095,7,N
620,0,3,inc,Rtype,19.373371917362125,1,1,PQR,34.60401900548439,116,N
621,1,1,add,SBtype,12.103733952589785,3,0,STU,47.9100560251103,116,Y
622,0,3,jmp,Rtype,3.373416209803244,2,2,DEF,35.188751477245404,363,N
623,1,1,or,Rtype,2.999415203176179,4,1,YZ,48.598111351291564,116,N
624,1,1,xor,Stype,8.567467897559498,2,0,STU,58.35418664918066,7,Y
625,0,4,jne,Rtype,15.705771617025963,2,2,ABC,18.097392819598515,7,N
626,0,3,call,Itype,7.575663207075931,3,2,YZ,23.688073184066415,116,N
627,1,3,neg,Rtype,33.491804771560865,0,2,VWX,29.851924201866233,363,N
628,0,0,add,Stype,19.192391112005257,2,3,JKL,51.94135941218918,,N
629,1,1,push,Itype,12.27445430240297,1,3,GHI,22.540289382385275,,Y
630,0,2,shl,SBtype,36.4554329390429,0,0,STU,55.38389399597139,7,N
631,0,1,and,Stype,19.164856399043394,0,1,PQR,28.124716038423674,116,N
632,1,2,add,SBtype,11.827405542761111,3,1,MNO,59.70386774622892,363,N
633,1,0,sub,Itype,21.7248451680547,1,0,GHI,46.387633969467416,7,N
634,0,2,idiv,Stype,16.047960710591592,3,3,YZ,47.62402127279561,116,Y
635,0,2,jne,Stype,0.1476256769630213,0,3,PQR,8.841036533524505,7,Y
636,1,2,imul,Rtype,4.996943367835001,2,1,YZ,25.933107905924004,294,N
637,1,0,jne,Rtype,7.274232245951313,3,3,JKL,21.59447286449385,294,N
638,1,4,mov,SBtype,24.69037574608774,2,1,MNO,38.725183076897075,116,Y
639,1,4,add,Rtype,30.49318090795999,3,3,DEF,23.280415646630207,116,Y
640,0,1,xor,SBtype,11.077240942348471,2,2,ABC,1.1092057317827408,7,Y
641,1,4,neg,Itype,9.676894378640558,2,1,DEF,11.743430939351928,294,Y
642,0,3,ret,Rtype,39.32074203696227,2,2,DEF,55.82939753246075,116,N
643,1,3,mov,SBtype,24.512851296961237,4,2,GHI,32.65638839559924,363,Y
644,0,3,dec,SBtype,32.11207037994624,1,0,DEF,43.285364051879014,363,Y
645,0,2,jne,Stype,33.5723061380684,2,2,ABC,20.62309310853648,,Y
646,1,3,ret,Stype,21.34096171606062,3,3,GHI,44.42030434938683,,N
647,0,1,shl,Stype,23.134643450261173,0,3,JKL,25.58162094043344,294,N
648,1,4,inc,SBtype,12.477817223528728,0,2,YZ,29.106850680153592,7,N
649,0,1,mov,Rtype,11.076092777012843,1,3,MNO,1.4691561115134677,7,N
650,1,2,jmp,SBtype,24.32308743030362,4,1,GHI,29.64720409170148,7,N
651,0,0,jne,SBtype,22.520110870915005,4,2,PQR,20.378807781613094,294,N
652,0,4,dec,Rtype,18.438728859306117,1,2,MNO,53.0040844914829,,N
653,0,4,shl,Rtype,28.68047766477577,2,3,STU,54.66204673848631,363,N
654,1,0,add,Itype,15.9786608101615,2,0,JKL,17.853434977189128,,Y
655,0,4,and,Stype,10.915086089432101,2,2,MNO,21.136277273043596,294,N
656,1,4,jmp,Rtype,23.100828718326618,0,2,DEF,1.0607988766573762,363,Y
657,0,1,cmp,Rtype,29.77824654997823,2,2,PQR,34.70450730156028,116,N
658,1,0,ret,SBtype,8.67580053089554,2,1,DEF,3.0700677012702116,,N
659,1,1,imul,Rtype,25.301744708271237,3,2,ABC,5.95511003336513,294,Y
660,1,1,cmp,SBtype,3.750662144527639,0,0,JKL,23.199512737509206,,N
661,1,0,mov,Itype,2.165757140383957,4,0,MNO,0.7469491522657079,116,N
662,0,0,pop,Stype,27.03456187391751,4,2,GHI,59.433435404617526,363,N
663,0,1,neg,SBtype,20.674824049332827,0,3,ABC,25.869991105235655,116,N
664,1,0,shl,Rtype,30.604301901601083,2,1,STU,47.25729935495352,116,N
665,0,0,add,Itype,30.96245301751076,3,1,GHI,43.21193740240059,,N
666,1,4,xor,SBtype,23.225438997264924,2,2,YZ,49.47260741095121,363,Y
667,1,1,and,Stype,21.609542693749994,2,2,PQR,37.03883910930249,,Y
668,0,3,mov,SBtype,8.059601307813168,2,1,MNO,59.63445654008431,116,Y
669,1,4,not,Rtype,5.0956186703932005,1,1,VWX,34.95236780148544,294,N
670,1,0,xor,Stype,29.732112532017396,4,1,DEF,20.216327505707092,7,Y
671,1,0,xor,Rtype,19.654142430826326,1,3,JKL,16.463852688500545,294,N
672,1,1,dec,Stype,36.218188939415874,3,0,DEF,51.854205148553596,116,N
673,1,3,and,Rtype,7.166134318930335,0,2,STU,20.82649739761401,7,Y
674,0,3,xor,Rtype,31.879431216213664,0,0,GHI,8.550315317819345,294,Y
675,0,0,and,Stype,36.69686487428206,3,3,VWX,27.687608307222934,7,N
676,1,3,imul,Rtype,21.12648745205851,4,0,JKL,38.75303322761647,7,N
677,0,4,idiv,Stype,27.745171023278957,4,1,JKL,49.99307946322487,,Y
678,0,2,call,Stype,34.10137886350814,0,3,YZ,5.323052689687852,7,N
679,0,3,neg,SBtype,4.386552028005433,0,3,GHI,35.67764319861793,294,Y
680,1,4,jmp,Itype,3.967806570112069,1,3,MNO,57.61282469567574,,Y
681,0,0,xor,Stype,5.764782820871388,0,0,DEF,17.152597972363196,7,N
682,0,3,dec,SBtype,17.71831556905215,3,2,YZ,21.985202591011276,294,Y
683,1,4,xor,SBtype,25.515850407224168,0,1,GHI,14.400823581430933,,N
684,1,1,or,Rtype,5.212746593130526,3,3,ABC,33.34461434429544,,Y
685,0,1,not,Itype,33.92482290655886,2,1,PQR,20.62559193838822,363,Y
686,0,2,pop,SBtype,21.722498557458735,0,3,JKL,31.611783402082228,363,N
687,1,3,mov,Rtype,18.93115913964323,4,2,YZ,30.591166053383326,116,N
688,0,1,jmp,SBtype,7.891770814153252,2,2,YZ,31.474564733100706,363,N
689,0,0,and,SBtype,30.128055342146087,1,1,DEF,23.364896054450398,116,Y
690,1,3,jmp,Stype,7.538127234429464,4,0,YZ,20.73348411937613,,Y
691,0,3,mov,SBtype,25.511638610882308,3,3,GHI,4.345859469926696,294,N
692,0,0,imul,Rtype,26.059014312170454,1,2,MNO,14.132680244782206,294,N
693,1,2,idiv,Rtype,2.381099148475214,4,3,MNO,28.79406204690233,,N
694,0,4,idiv,Itype,32.352372469114066,0,3,JKL,24.761038089007833,294,N
695,0,4,idiv,SBtype,38.06403600738332,1,0,GHI,19.56863461813655,363,N
696,1,2,call,Itype,11.397815158115945,2,1,JKL,18.813590822387134,116,N
697,1,4,jne,Itype,4.724651077397377,0,3,PQR,18.715518316019168,363,Y
698,1,4,dec,Itype,7.150930112638139,0,2,GHI,26.127695979316645,363,Y
699,0,2,not,Rtype,11.247770594416497,2,3,VWX,1.237700623715401,363,N
700,1,1,mov,Stype,16.15151179752655,2,2,PQR,2.4191501497210566,,N
701,0,0,pop,SBtype,24.541061519900822,0,0,DEF,45.48358235286146,363,N
702,0,1,call,SBtype,15.775951579245326,0,3,JKL,46.912820542461425,294,N
703,1,1,or,Stype,30.741815633558996,2,1,ABC,2.3968705445607075,7,Y
704,1,0,mov,SBtype,16.89175340739927,4,3,ABC,27.044977491542635,7,N
705,0,1,inc,SBtype,9.406262994632977,4,2,VWX,26.83165029543002,116,N
706,1,2,xor,Itype,21.38951135401056,4,3,GHI,15.73234889057459,,Y
707,1,4,jne,SBtype,38.250281298175565,1,0,MNO,52.90645175594251,7,Y
708,1,3,inc,Itype,38.95222609128269,0,0,STU,31.47020610394613,7,Y
709,1,3,inc,Rtype,11.395673946788843,1,0,PQR,58.05793561655961,7,N
710,1,3,pop,Rtype,39.708811232224384,1,0,GHI,3.5890205416109233,363,N
711,0,0,or,Rtype,36.873784865973185,1,0,DEF,32.450015148079686,,N
712,1,4,idiv,Rtype,25.966422482813737,0,1,YZ,9.723947993250901,7,N
713,1,4,or,Stype,12.017592081827706,3,2,PQR,7.432345105498433,116,Y
714,1,1,and,SBtype,22.353604798676308,4,0,STU,21.671581086051216,294,N
715,1,0,and,Stype,29.35027940973121,1,1,MNO,10.92653994392488,294,N
716,0,0,jne,Stype,34.62485192418464,2,2,MNO,37.2087300304445,,N
717,0,0,imul,Rtype,26.74456649360639,4,2,ABC,4.228977959885361,,Y
718,0,4,xor,Rtype,39.32477192152965,1,3,JKL,56.674010543698415,294,N
719,0,2,dec,Rtype,21.473008932978725,2,3,ABC,28.177213933574283,363,Y
720,0,0,mov,Stype,33.93493006291212,2,2,STU,18.458792685480635,7,Y
721,1,4,jmp,Itype,35.7944644114995,4,0,STU,56.33183259245775,294,N
722,1,4,add,SBtype,35.14115039180438,4,2,JKL,11.462939079186889,7,Y
723,1,0,jmp,Itype,31.056017430452833,4,0,GHI,2.2430163950944415,363,N
724,0,4,add,Rtype,4.117658760113607,0,2,PQR,45.17562008388222,7,Y
725,1,3,ret,Rtype,12.153728960333371,3,3,GHI,43.455165332025565,294,N
726,1,3,add,Stype,8.617712210681994,4,2,STU,9.399420914722182,363,Y
727,1,1,or,Stype,33.07484399132476,4,0,DEF,13.997953984731055,7,Y
728,1,3,mov,Itype,25.76625338751019,0,2,VWX,58.28052348590644,363,N
729,0,3,push,Rtype,5.074975582719365,0,2,STU,54.24021906105143,363,N
730,0,1,push,Itype,14.242885437961217,0,2,DEF,42.159025286971996,363,N
731,0,2,mov,SBtype,9.958369010998535,3,2,MNO,42.379661983689076,,N
732,1,3,push,SBtype,34.62316143456067,1,3,YZ,6.051445051070137,116,N
733,1,0,idiv,Rtype,22.563625391576192,0,1,ABC,21.943564189949655,,Y
734,0,2,mov,Rtype,39.15670931108054,1,0,DEF,43.33142461094834,,Y
735,1,0,shl,SBtype,1.6836968901073535,0,3,GHI,26.954898678843644,116,N
736,1,2,idiv,SBtype,4.444855036776039,3,3,PQR,20.16633516142511,294,N
737,1,4,pop,Rtype,8.353997863369136,1,2,ABC,33.6130583572962,294,Y
738,0,0,neg,Rtype,23.050991752198957,0,3,YZ,3.2258697313554663,363,Y
739,0,3,call,SBtype,27.15734940357725,2,2,VWX,38.62435605800953,116,N
740,1,3,idiv,SBtype,3.2071406502923727,3,1,ABC,35.07578517661757,294,N
741,0,3,shl,Rtype,22.31984463466734,2,2,YZ,45.366241009063835,294,N
742,0,2,xor,Rtype,31.1632363075238,0,2,JKL,46.43737447652972,7,Y
743,0,4,or,SBtype,28.014761099250794,4,1,ABC,16.29835605129643,116,Y
744,0,2,or,Rtype,16.300500892546587,0,0,STU,37.976860325629794,294,N
745,1,3,idiv,SBtype,38.17145939622149,2,3,YZ,55.052140375788866,,Y
746,1,4,push,Rtype,26.822525676158765,0,2,GHI,46.86528137011201,,N
747,0,4,dec,Rtype,12.842944216984975,2,3,PQR,38.043845951043345,116,Y
748,0,1,jmp,Rtype,28.044669255606273,4,2,GHI,44.026676112755645,,N
749,0,2,neg,Stype,18.48753819340146,4,2,PQR,34.861407480885795,363,Y
750,1,2,cmp,Stype,35.79099487873202,2,3,JKL,39.191934013072974,7,Y
751,1,4,shl,Rtype,35.07698084492544,2,2,STU,14.776908165610298,116,N
752,0,1,imul,Rtype,25.97704263656617,4,3,MNO,35.17334530488315,116,N
753,1,4,call,SBtype,27.225019565612904,0,3,MNO,55.08443465052562,,Y
754,1,1,jne,Itype,33.97664110952087,4,3,YZ,10.187079452629833,363,Y
755,1,0,and,Rtype,0.044807530493677916,2,2,STU,58.67275025206924,7,N
756,1,0,jmp,Rtype,14.897058877630505,0,0,STU,48.227292989813485,363,N
757,1,2,sub,Rtype,37.13636629407602,3,1,STU,56.229266594584544,294,Y
758,1,1,xor,Stype,9.005545099957057,4,2,MNO,51.264344863293516,116,Y
759,1,2,imul,Stype,1.7425662572301448,1,3,JKL,6.860895672582112,363,N
760,1,2,add,Itype,27.231668428018306,0,1,VWX,53.940125207066075,116,N
761,0,1,shl,Rtype,21.34446548475331,4,1,YZ,38.34345348797818,116,N
762,1,0,dec,SBtype,12.844097425182657,3,0,STU,22.906349935550367,294,N
763,1,4,neg,Stype,15.774994378922393,4,0,JKL,0.6908116769046324,116,N
764,1,1,shl,Stype,4.695136230953283,4,0,YZ,8.740233175763528,294,N
765,0,2,mov,SBtype,10.022048753949008,3,1,STU,8.690476250548693,7,N
766,1,3,imul,SBtype,35.03266611057217,2,0,MNO,28.484498125362446,363,Y
767,0,4,dec,Itype,9.36381365282652,1,1,GHI,33.52850161278561,7,N
768,0,4,inc,SBtype,34.30999915279452,4,2,PQR,2.9863190634192427,,Y
769,1,4,mov,SBtype,30.028625561927598,1,2,STU,42.04462419677237,294,N
770,1,1,ret,Rtype,29.59461737757106,0,2,GHI,13.272666384270043,116,N
771,1,2,ret,Stype,14.53643077008187,1,3,PQR,18.508099811345595,294,N
772,0,3,jne,Stype,27.500945167651526,2,0,DEF,56.55573401244646,,Y
773,0,3,pop,SBtype,33.79160284457627,4,2,YZ,24.635974506537025,363,N
774,1,4,jne,SBtype,38.67673878587826,2,0,YZ,59.733265165573016,294,N
775,0,0,push,Itype,30.49433853354469,3,2,JKL,28.089554102040594,116,Y
776,0,2,or,SBtype,27.102489904842052,4,3,VWX,45.97762305511227,294,N
777,1,1,imul,SBtype,22.730048880411733,0,3,YZ,7.2322970212308935,7,N
778,0,3,sub,Itype,30.057364478359588,4,1,STU,52.39543419556257,363,Y
779,0,2,shl,Itype,32.51890142669208,4,3,VWX,45.279658852034736,,Y
780,0,4,sub,SBtype,26.889257078076596,3,1,JKL,14.873821041369759,7,N
781,0,4,ret,SBtype,23.786990571606417,1,3,VWX,47.17017881192938,294,N
782,1,0,idiv,SBtype,17.904731652227216,2,3,STU,31.32640439251093,294,Y
783,0,4,dec,Itype,9.600930693856512,3,3,DEF,27.791822300159147,116,Y
784,0,1,imul,Stype,21.53149068162252,4,3,ABC,25.30866307110552,7,N
785,1,0,xor,Stype,16.169739446210247,0,2,YZ,52.52502529001419,116,Y
786,0,1,or,Rtype,22.481870938665843,0,2,JKL,25.067226741838763,116,N
787,1,2,cmp,Rtype,10.025031788612866,2,1,GHI,4.256783857891433,116,N
788,1,2,jmp,Stype,21.013790337277307,4,3,JKL,43.04542681768901,7,N
789,1,0,idiv,SBtype,9.370656248724579,1,1,ABC,34.88323332558489,116,N
790,0,0,cmp,SBtype,25.48506394490999,0,3,MNO,29.781198181675826,116,Y
791,0,0,not,Itype,22.077197739538583,1,3,MNO,48.31075563359711,363,Y
792,0,4,dec,SBtype,33.7823865327649,4,1,MNO,55.64357753873508,,Y
793,1,2,call,Rtype,28.002783091451434,1,1,GHI,1.211229831620082,294,Y
794,0,0,call,Rtype,7.821106279481258,4,1,ABC,35.53977795924109,294,Y
795,0,1,cmp,SBtype,8.227508191050394,2,3,VWX,13.925915390598874,,N
796,1,4,ret,Itype,21.26273573922985,1,0,ABC,43.29160766680565,116,Y
797,1,2,sub,SBtype,22.946750300986736,2,1,JKL,13.704863740162196,,Y
798,0,2,dec,Itype,28.31105282345838,4,1,MNO,42.928325200665505,116,N
799,0,3,imul,Itype,1.40079109697838,3,1,MNO,14.793709156244937,116,Y
800,1,4,neg,Rtype,30.046374658185822,4,0,JKL,8.065296889326834,294,N
801,1,4,imul,SBtype,34.33302358095742,3,1,DEF,23.30457772123722,,Y
802,0,2,neg,SBtype,19.248355521783132,4,2,MNO,5.96999668936734,294,N
803,1,4,xor,Rtype,2.895715401664707,4,2,DEF,56.61456822984695,294,N
804,0,4,ret,Stype,28.145448036369686,3,3,STU,22.146024865283053,7,Y
805,1,0,and,Rtype,35.008620188928916,0,1,STU,15.76761084884036,116,Y
806,1,3,neg,SBtype,6.4980627891186415,2,2,PQR,23.259571859801934,7,N
807,1,0,imul,Itype,38.41989171243045,1,2,MNO,36.84388290871215,363,N
808,1,2,mov,Itype,1.3082469862088253,1,3,VWX,7.22678333367339,,N
809,0,0,jmp,Itype,5.434167536784074,0,2,PQR,11.769558529705428,,Y
810,0,2,call,Itype,31.462764823226017,0,0,ABC,48.61706285001891,7,N
811,1,0,call,Stype,38.26019193247933,2,0,VWX,43.68546116165833,294,N
812,0,1,cmp,Stype,14.979079817477716,1,0,GHI,42.21397806605035,294,N
813,0,4,and,Stype,31.76410539226994,1,0,GHI,41.18187866254674,7,Y
814,0,2,and,Itype,0.6516043200432131,2,1,JKL,13.12151141571447,363,Y
815,0,2,mov,Itype,23.058999977395832,2,1,DEF,33.72781524280426,363,N
816,0,0,shl,SBtype,29.536496788253487,3,3,MNO,46.7422379630595,363,Y
817,1,2,ret,SBtype,29.858977773160653,2,3,ABC,51.96607879686217,7,Y
818,1,1,ret,Stype,1.1434779705502196,0,0,ABC,39.15395208235259,294,Y
819,0,0,not,Stype,2.5722061891413706,1,1,MNO,26.05384026539841,294,N
820,1,1,idiv,Rtype,30.580346990752567,2,1,ABC,27.182195417878148,,Y
821,1,1,imul,Stype,32.45813075058487,4,2,VWX,34.0406873086596,363,Y
822,0,1,or,Itype,38.09422827165889,4,0,MNO,33.91120187890019,7,N
823,1,3,add,Stype,17.86570497710183,4,3,MNO,10.341766692098663,116,N
824,0,1,inc,Stype,37.69959394887274,1,3,JKL,16.37620642224308,,Y
825,1,0,xor,Rtype,3.2281427770137006,0,1,ABC,47.3146998863302,7,Y
826,0,4,call,Rtype,31.050750618555888,3,0,YZ,34.37751933055464,116,N
827,0,4,or,SBtype,39.147871400762654,1,0,MNO,2.3156157388498255,7,Y
828,1,1,mov,SBtype,30.582726549789726,2,3,GHI,1.048223698661066,,Y
829,1,3,idiv,Itype,24.877906025802588,1,0,MNO,13.079558931002426,116,N
830,0,3,push,Stype,33.738053777031915,3,3,GHI,34.549510758712415,294,Y
831,0,2,sub,Rtype,38.687892900748906,2,0,GHI,8.24268109996761,363,Y
832,1,4,sub,Stype,33.783609156434615,1,0,DEF,53.087850089891276,,N
833,1,1,shl,SBtype,8.644987550538993,4,2,PQR,21.5953494253019,294,N
834,1,3,dec,Stype,32.82112064161563,0,3,MNO,0.4915736780365676,7,N
835,1,0,call,Rtype,32.4711490679451,4,2,VWX,41.17008671151819,116,N
836,0,0,add,Rtype,18.620157380404784,2,0,MNO,34.5725256851202,,N
837,1,1,pop,SBtype,36.386910662826914,1,0,GHI,43.714029677610874,294,N
838,1,1,xor,Rtype,1.1584724789896228,2,0,GHI,23.667912896769703,7,N
839,1,3,mov,Stype,22.029728106321585,0,0,YZ,22.6417258005852,,N
840,0,4,idiv,Stype,22.187182113953625,0,1,JKL,55.62121519847159,116,N
841,0,0,or,Stype,30.820031432486125,1,1,DEF,24.406084976079637,,Y
842,0,3,ret,SBtype,35.0434785518627,3,2,DEF,29.73691099436188,,Y
843,1,4,or,Stype,38.43212951426219,4,3,JKL,12.756567331224087,363,Y
844,1,1,idiv,SBtype,35.22692850795102,4,0,PQR,52.96284257158823,294,Y
845,1,3,inc,Stype,9.942483013696158,0,1,MNO,15.592447184039987,116,Y
846,0,2,imul,Stype,39.15956241436601,0,2,GHI,6.056070129469651,7,Y
847,1,4,idiv,Stype,8.705866608724882,1,0,JKL,45.931705501879335,363,Y
848,1,1,call,SBtype,4.513051624154718,2,2,ABC,2.7356495493388677,363,N
849,0,3,pop,Rtype,23.293037419045312,4,0,VWX,6.951218479388855,294,N
850,0,3,idiv,Rtype,23.337249077285904,4,1,ABC,38.86485966327171,116,Y
851,1,1,shl,Itype,39.47346292531404,1,1,ABC,8.223619270190408,7,N
852,1,0,pop,Itype,16.588045895578823,3,1,GHI,1.9658645339974479,,Y
853,1,3,and,Rtype,19.37385277908662,0,1,JKL,26.5410889126708,116,N
854,0,3,xor,SBtype,0.8337390300712455,4,1,PQR,27.49587181299289,,Y
855,1,4,shl,Itype,35.512744043835085,2,0,YZ,15.90439438466312,7,Y
856,1,2,not,Rtype,6.362107876017173,1,1,STU,14.111549379544975,,N
857,0,1,mov,Itype,7.943019984132422,3,0,JKL,0.3653814594319882,7,N
858,0,1,neg,Itype,10.34452617031311,1,2,VWX,18.169053418930268,7,Y
859,0,3,imul,Itype,13.969869983845488,4,3,PQR,42.85356616372091,,Y
860,1,2,not,SBtype,24.372827743852746,4,2,PQR,42.28675485542869,116,N
861,0,3,dec,Rtype,21.85577997352564,1,3,STU,9.713445300094927,7,N
862,0,1,imul,Stype,22.602385433310385,2,0,STU,1.3996922589165162,,Y
863,1,0,mov,Rtype,14.305245998618133,4,2,YZ,22.02710216711388,363,N
864,1,3,ret,Rtype,22.221507369592626,2,0,ABC,50.842836021207845,294,N
865,0,0,neg,Rtype,13.737351655494724,4,0,STU,14.270345995570569,294,N
866,1,1,and,Rtype,15.907892373622206,1,3,MNO,52.951847973438056,363,N
867,0,2,shl,SBtype,35.694206917395135,0,2,MNO,4.150130743709535,294,N
868,0,2,jmp,SBtype,23.477248852627742,2,0,DEF,5.450460329356945,294,N
869,1,3,or,Rtype,13.147424908928746,1,0,VWX,24.433041899951956,294,N
870,0,2,or,Rtype,15.371086036648428,2,1,JKL,23.88184198518018,294,N
871,0,3,mov,Itype,31.482098280004003,1,2,DEF,15.805171488820841,116,Y
872,0,2,push,Itype,7.806272041716342,4,1,DEF,45.96355016577472,7,N
873,0,2,push,Rtype,15.877871004455631,4,1,MNO,10.739959965149154,7,N
874,0,2,shl,Itype,29.981027819037486,0,3,DEF,17.624322938299393,,Y
875,1,2,ret,Itype,29.46784503304531,1,3,ABC,18.12658007534758,7,Y
876,0,1,push,Itype,9.91387051002575,4,2,JKL,5.251879835323711,116,N
877,0,4,imul,Stype,39.08150572603261,1,0,MNO,37.40743614292036,,Y
878,1,4,idiv,Stype,14.476312425728954,0,3,STU,4.46360703718015,363,Y
879,0,2,mov,SBtype,10.736272526380404,4,0,GHI,58.37271118561903,,Y
880,0,4,cmp,Rtype,24.9365623470569,1,2,STU,15.014361334966047,116,Y
881,0,1,call,Rtype,23.796742541814325,2,1,MNO,14.746087667210933,294,Y
882,0,4,or,SBtype,37.543716304081094,3,3,VWX,7.392191304773455,363,Y
883,0,0,call,SBtype,38.06594858463057,0,2,STU,2.0543630022505655,294,Y
884,1,3,xor,SBtype,10.848634609151478,2,3,MNO,51.40023672855526,116,N
885,0,0,inc,Itype,4.94570444879705,0,2,JKL,36.122964783037325,116,Y
886,0,0,push,Stype,38.37249254966152,4,1,YZ,50.89909823463472,,Y
887,0,0,idiv,Rtype,15.03744202588248,2,1,YZ,37.450351177332344,,N
888,0,3,cmp,SBtype,7.447674429443634,3,1,YZ,29.949290789320248,363,Y
889,1,0,or,SBtype,15.941809683791778,3,1,STU,58.014653862448476,7,N
890,1,1,not,Itype,36.22066079438735,0,1,PQR,2.990497291652041,,N
891,1,3,inc,SBtype,27.28114802788726,0,2,ABC,54.91689445712917,116,N
892,0,1,call,Stype,29.901153035974822,4,3,STU,10.609036427600406,7,Y
893,1,1,cmp,Rtype,13.32892139670005,1,0,JKL,10.833407558571404,363,Y
894,1,2,sub,Stype,1.3367268007311317,4,3,PQR,43.5978310472552,116,Y
895,1,3,xor,Stype,7.700516732808418,1,1,MNO,46.30708165552415,363,N
896,0,3,ret,Stype,17.356316321417403,4,1,ABC,14.261793070334551,294,N
897,1,3,add,Itype,10.112889034559135,2,1,STU,24.904531117553013,116,N
898,1,0,inc,Itype,30.518610191975476,0,0,STU,46.429647367879056,294,Y
899,0,0,not,Stype,37.6608948873048,4,0,JKL,25.747154634782873,,Y
900,1,0,xor,SBtype,21.976139263010662,4,3,JKL,2.610459650287138,,Y
